{
  "配置": {
    "target_active": 900,
    "target_inactive": 2700,
    "target_ratio": "1:3.0",
    "auto_adjust": true,
    "thresholds": {
      "IC50": "2.8000000000000003 μM",
      "EC50": "2.2 μM",
      "Ki": "10.0 μM",
      "Kd": "0.7886451612903226 μM",
      "IC90": "1.598888888888889 μM",
      "IC70": "0.2699999999999999 μM",
      "AC50": "0.7477777777777779 μM",
      "DC50": "15.0 μM",
      "Inhibition": "67.10385321100918%",
      "Activity": "28.63636363636364%"
    }
  },
  "最终统计": {
    "total_compounds": 1996,
    "active_compounds": 499,
    "inactive_compounds": 1497,
    "actual_ratio": "1:3.00"
  },
  "分子性质": {
    "MW": {
      "mean": 387.14753147896005,
      "std": 93.7248091824549
    },
    "LogP": {
      "mean": 3.4738980410821663,
      "std": 1.4016306478513572
    },
    "TPSA": {
      "mean": 79.63932364729459,
      "std": 32.772439131227124
    }
  },
  "标签分配": {
    "活性": {
      "IC50_lt_2.8000000000000003um": 401,
      "relation_less": 32,
      "EC50_lt_2.2um": 23,
      "recovered_small_value": 17,
      "Kd_lt_0.7886451612903226um": 13,
      "Inhibition_gt_67.10385321100918pct": 8,
      "AC50_lt_0.7477777777777779um": 5
    },
    "非活性": {
      "relation_greater": 1265,
      "IC50_gte_2.8000000000000003um": 120,
      "Inhibition_lte_67.10385321100918pct": 104,
      "EC50_gte_2.2um": 6,
      "Activity_lte_28.63636363636364pct": 1,
      "Kd_gte_0.7886451612903226um": 1
    }
  }
}